{"schemaVersion":"1.0","appDefinitionTemplate":{"id":"/providers/Microsoft.PowerApps/apps/","type":"Microsoft.PowerApps/apps","tags":{"primaryDeviceWidth":"1366","primaryDeviceHeight":"768","supportsPortrait":"true","supportsLandscape":"true","primaryFormFactor":"Tablet","publisherVersion":"3.23014.14","minimumRequiredApiVersion":"2.2.0","hasComponent":"true","hasUnlockedComponent":"true","isUnifiedRootApp":"false","sienaVersion":"20230210T033951Z-3.23014.14.0"},"properties":{"appVersion":"2023-02-10T03:39:51Z","lifeCycleId":"Published","createdByClientVersion":{"major":3,"minor":23014,"build":14,"revision":0,"majorRevision":0,"minorRevision":0},"minClientVersion":{"major":3,"minor":23014,"build":14,"revision":0,"majorRevision":0,"minorRevision":0},"backgroundColor":"RGBA(0,176,240,1)","backgroundImageUri":"/1894465028823756967/N1ebef9f4-92d9-44ea-80fa-c453fe3f54ac-logoSmallFile","displayName":"Stock Ease","description":"","commitMessage":"","appUris":{"documentUri":{"value":"/1894465028823756967/N873bbe7e-a915-4c67-a808-0e457ea86e3c-document.msapp"},"imageUris":[],"additionalUris":[]},"createdTime":"0001-01-01T00:00:00Z","lastModifiedTime":"0001-01-01T00:00:00Z","sharedGroupsCount":0,"sharedUsersCount":0,"connectionReferences":{"52e89e28-d964-4189-b3f7-e3d2c1beeda5":{"id":"edefe3d2-7460-4429-817b-c1c5dce6d441","displayName":"SharePoint","iconUri":"https://connectoricons-prod.azureedge.net/u/juanq/gateway/greyhound/3000.150.11/1.0.1613.3116/sharepointonline/icon.png","dataSources":["user_logins_1"],"dependencies":[],"dependents":[],"parameterHints":{},"parameterHintsV2":{},"isOnPremiseConnection":false,"bypassConsent":false,"dataSets":{"https://crm488434.sharepoint.com/sites/Ecommerce2":{"dataSources":{"user_logins_1":{"tableName":"75afaad1-35a1-473f-b34b-b556d4e47b8c"}}}},"apiTier":"Standard","isCustomApiConnection":false,"actions":["providers/PowerPlatform.Governance/Operations/Read"]}},"databaseReferences":{"default.cds":{"databaseDetails":{"referenceType":"Environmental","environmentName":"default.cds","overrideValues":{"status":"NotSpecified"}},"dataSources":{"Customers":{"entitySetName":"abc_customers","logicalName":"abc_customer"},"Inventories":{"entitySetName":"hra_inventories","logicalName":"hra_inventory"},"Suppliers":{"entitySetName":"hra_supplierses","logicalName":"hra_suppliers"},"Orders":{"entitySetName":"hra_orderses","logicalName":"hra_orders"},"Customers_1":{"entitySetName":"hra_customerses","logicalName":"hra_customers"},"athars":{"entitySetName":"abc_athars","logicalName":"abc_athar"},"user_logins":{"entitySetName":"hra_user_loginses","logicalName":"hra_user_logins"},"Currencies":{"entitySetName":"transactioncurrencies","logicalName":"transactioncurrency"}},"actions":["providers/PowerPlatform.Governance/Operations/Read"]}},"almMode":"Solution","performanceOptimizationEnabled":true,"canConsumeAppPass":true,"enableModernRuntimeMode":false,"executionRestrictions":{"isTeamsOnly":false,"dataLossPreventionEvaluationResult":{"status":"Compliant","lastEvaluationDate":"2023-01-31T11:59:48.3089754Z","violations":[],"violationsByPolicy":[],"violationErrorMessage":"The app uses the following connectors: ."}}},"appType":"ClassicCanvasApp","appComponents":[]}}